star,n_obs,span_years,split_idx,best_combo,rho_mid_years,Q_mid,n_cycles_obs,is_const,aleatoric_frac_at_t0,valid_metric_value,lookahead_years,t0_year,gpr_med,gpr_lb68,gpr_ub68,gpr_lb95,gpr_ub95,truth_med,truth_lb,truth_ub,error,abs_error,in_68,in_95,gpr_width_68,truth_width,sampling_rate_days
sim0000_ME,133,29.88847583846723,0,3sml,3.097878165639972,3.965099149163736,9.648047547503454,True,0.9765427813301584,31.637770778909246,1.0,1992.5640379739907,1993.5633535112938,1993.5633535112938,1993.5633535112938,1993.5633535112938,1993.5633535112938,1992.568780120382,1992.568780120382,1993.5555932296058,0.9945733909119099,0.9945733909119099,False,False,0.0,0.986813109223931,40.6
sim0000_ME,133,29.88847583846723,0,3sml,3.097878165639972,3.965099149163736,9.648047547503454,True,0.9765427813301584,31.637770778909246,2.0,1992.5640379739907,1994.5216012867902,1994.4942227789188,1994.5216012867902,1994.4942227789188,1994.5489797946614,1994.4975511975013,1992.568780120382,1994.5573580526059,0.024050089288948584,0.024050089288948584,True,True,0.027378507871389957,1.9885779322239614,40.6
sim0000_ME,133,29.88847583846723,0,3sml,3.097878165639972,3.965099149163736,9.648047547503454,True,0.9765427813301584,31.637770778909246,3.0,1992.5640379739907,1994.5216012867902,1994.4942227789188,1994.5216012867902,1994.4942227789188,1994.5489797946614,1995.4245574516203,1994.3480340597398,1995.5591228756057,-0.9029561648301296,0.9029561648301296,False,False,0.027378507871389957,1.2110888158658781,40.6
sim0000_ME,133,29.88847583846723,0,3sml,3.097878165639972,3.965099149163736,9.648047547503454,True,0.9765427813301584,31.637770778909246,4.0,1992.5640379739907,1994.5216012867902,1994.4942227789188,1994.5216012867902,1994.4942227789188,1994.5489797946614,1995.4245574516203,1994.3480340597398,1996.2768051368603,-0.9029561648301296,0.9029561648301296,False,False,0.027378507871389957,1.928771077120473,40.6
sim0000_ME,133,29.88847583846723,0,3sml,3.097878165639972,3.965099149163736,9.648047547503454,True,0.9765427813301584,31.637770778909246,5.0,1992.5640379739907,1994.5216012867902,1994.4942227789188,1994.5216012867902,1994.4942227789188,1994.5489797946614,1996.2917568506361,1995.5591228756057,1996.710404836367,-1.7701555638459467,1.7701555638459467,False,False,0.027378507871389957,1.1512819607612528,40.6
sim0000_ME,133,29.88847583846723,0,3sml,3.097878165639972,3.965099149163736,9.648047547503454,True,0.9765427813301584,31.637770778909246,6.0,1992.5640379739907,1994.5216012867902,1994.4942227789188,1994.5216012867902,1994.4942227789188,1994.5489797946614,1996.2917568506361,1995.5591228756057,1996.710404836367,-1.7701555638459467,1.7701555638459467,False,False,0.027378507871389957,1.1512819607612528,40.6
sim0000_ME,133,29.88847583846723,0,3sml,3.097878165639972,3.965099149163736,9.648047547503454,True,0.9765427813301584,31.637770778909246,7.0,1992.5640379739907,1994.5216012867902,1994.4942227789188,1994.5216012867902,1994.4942227789188,1994.5489797946614,1996.2917568506361,1995.5591228756057,1996.710404836367,-1.7701555638459467,1.7701555638459467,False,False,0.027378507871389957,1.1512819607612528,40.6
sim0000_ME,133,29.88847583846723,0,3sml,3.097878165639972,3.965099149163736,9.648047547503454,True,0.9765427813301584,31.637770778909246,8.0,1992.5640379739907,1994.5216012867902,1994.4942227789188,1994.5216012867902,1994.4942227789188,1994.5489797946614,1996.2917568506361,1996.142239712875,1996.7403082639198,-1.7701555638459467,1.7701555638459467,False,False,0.027378507871389957,0.5980685510448893,40.6
sim0000_ME,133,29.88847583846723,0,3sml,3.097878165639972,3.965099149163736,9.648047547503454,True,0.9765427813301584,31.637770778909246,9.0,1992.5640379739907,1994.5216012867902,1994.4942227789188,1994.5216012867902,1994.4942227789188,1994.5489797946614,1996.2917568506361,1996.142239712875,1996.7552599776957,-1.7701555638459467,1.7701555638459467,False,False,0.027378507871389957,0.6130202648207614,40.6
sim0000_ME,133,29.88847583846723,0,3sml,3.097878165639972,3.965099149163736,9.648047547503454,True,0.9765427813301584,31.637770778909246,10.0,1992.5640379739907,1994.5216012867902,1994.4942227789188,1994.5216012867902,1994.4942227789188,1994.5489797946614,1996.695453122591,1996.1870948542025,2001.7192289513684,-2.1738518358008605,2.1738518358008605,False,False,0.027378507871389957,5.532134097165908,40.6
sim0000_ME,133,29.88847583846723,0,3sml,3.097878165639972,3.965099149163736,9.648047547503454,True,0.9765427813301584,31.637770778909246,11.0,1992.5640379739907,1994.5216012867902,1994.4942227789188,1994.5216012867902,1994.4942227789188,1994.5489797946614,1996.695453122591,1996.1870948542025,2002.0332149406672,-2.1738518358008605,2.1738518358008605,False,False,0.027378507871389957,5.84612008646468,40.6
sim0000_ME,133,29.88847583846723,0,3sml,3.097878165639972,3.965099149163736,9.648047547503454,True,0.9765427813301584,31.637770778909246,12.0,1992.5640379739907,1994.5216012867902,1994.4942227789188,1994.5216012867902,1994.4942227789188,1994.5489797946614,1996.695453122591,1996.1870948542025,2002.0332149406672,-2.1738518358008605,2.1738518358008605,False,False,0.027378507871389957,5.84612008646468,40.6
sim0000_ME,133,29.88847583846723,0,3sml,3.097878165639972,3.965099149163736,9.648047547503454,True,0.9765427813301584,31.637770778909246,13.0,1992.5640379739907,1994.5216012867902,1994.4942227789188,1994.5216012867902,1994.4942227789188,1994.5489797946614,1996.695453122591,1996.1870948542025,2002.0332149406672,-2.1738518358008605,2.1738518358008605,False,False,0.027378507871389957,5.84612008646468,40.6
sim0000_ME,133,29.88847583846723,0,3sml,3.097878165639972,3.965099149163736,9.648047547503454,True,0.9765427813301584,31.637770778909246,14.0,1992.5640379739907,1994.5216012867902,1994.4942227789188,1994.5216012867902,1994.4942227789188,1994.5489797946614,1996.695453122591,1996.2319499955313,2002.1378769370997,-2.1738518358008605,2.1738518358008605,False,False,0.027378507871389957,5.905926941568396,40.6
sim0000_ME,133,29.88847583846723,0,3sml,3.097878165639972,3.965099149163736,9.648047547503454,True,0.9765427813301584,31.637770778909246,15.0,1992.5640379739907,1994.5216012867902,1994.4942227789188,1994.5216012867902,1994.4942227789188,1994.5489797946614,1996.7552599776957,1996.2319499955313,2006.350671810659,-2.233658690905486,2.233658690905486,False,False,0.027378507871389957,10.118721815127628,40.6
sim0000_ME,133,29.88847583846723,0,3sml,3.097878165639972,3.965099149163736,9.648047547503454,True,0.9765427813301584,31.637770778909246,16.0,1992.5640379739907,1994.5216012867902,1994.4942227789188,1994.5216012867902,1994.4942227789188,1994.5489797946614,1996.8150668328005,1996.2319499955313,2006.9248176196625,-2.2934655460103386,2.2934655460103386,False,False,0.027378507871389957,10.692867624131168,40.6
sim0000_ME,133,29.88847583846723,0,3sml,3.097878165639972,3.965099149163736,9.648047547503454,True,0.9765427813301584,31.637770778909246,17.0,1992.5640379739907,1994.5216012867902,1994.4942227789188,1994.5216012867902,1994.4942227789188,1994.5489797946614,1996.8150668328005,1996.2319499955313,2006.9373770592342,-2.2934655460103386,2.2934655460103386,False,False,0.027378507871389957,10.705427063702928,40.6
sim0000_ME,133,29.88847583846723,0,3sml,3.097878165639972,3.965099149163736,9.648047547503454,True,0.9765427813301584,31.637770778909246,18.0,1992.5640379739907,1994.5216012867902,1994.4942227789188,1994.5216012867902,1994.4942227789188,1994.5489797946614,1996.8150668328005,1996.2319499955313,2006.9373770592342,-2.2934655460103386,2.2934655460103386,False,False,0.027378507871389957,10.705427063702928,40.6
sim0000_ME,133,29.88847583846723,0,3sml,3.097878165639972,3.965099149163736,9.648047547503454,True,0.9765427813301584,31.637770778909246,19.0,1992.5640379739907,1994.5216012867902,1994.4942227789188,1994.5216012867902,1994.4942227789188,1994.5489797946614,1996.8150668328005,1996.2319499955313,2006.9373770592342,-2.2934655460103386,2.2934655460103386,False,False,0.027378507871389957,10.705427063702928,40.6
sim0000_ME,133,29.88847583846723,0,3sml,3.097878165639972,3.965099149163736,9.648047547503454,True,0.9765427813301584,31.637770778909246,19.5167286242297,1992.5640379739907,1994.5216012867902,1994.4942227789188,1994.5216012867902,1994.4942227789188,1994.5489797946614,1996.8300185465764,1996.2319499955313,2006.9373770592342,-2.3084172597862107,2.3084172597862107,False,False,0.027378507871389957,10.705427063702928,40.6
sim0000_ME,133,29.88847583846723,1,3sml,2.4550822634101013,4.999999999999999,12.174123972918217,True,0.986524898003227,24.98757554446209,1.0,1996.1328111978096,1996.3723731416837,1996.3723731416837,1996.3723731416837,1996.2902376180698,1996.3723731416837,1996.486129129725,1996.3790748590884,1996.695453122591,-0.1137559880412482,0.1137559880412482,False,False,0.0,0.3163782635026564,40.6
sim0000_ME,133,29.88847583846723,1,3sml,2.4550822634101013,4.999999999999999,12.174123972918217,True,0.986524898003227,24.98757554446209,2.0,1996.1328111978096,1996.3723731416837,1996.3723731416837,1996.3723731416837,1996.2902376180698,1996.3723731416837,1996.486129129725,1996.3790748590884,1996.695453122591,-0.1137559880412482,0.1137559880412482,False,False,0.0,0.3163782635026564,40.6
sim0000_ME,133,29.88847583846723,1,3sml,2.4550822634101013,4.999999999999999,12.174123972918217,True,0.986524898003227,24.98757554446209,3.0,1996.1328111978096,1996.3723731416837,1996.3723731416837,1996.3723731416837,1996.2902376180698,1996.3723731416837,1996.7403082639198,1996.4562257021732,1998.9382101890099,-0.3679351222360765,0.3679351222360765,False,False,0.0,2.481984486836609,40.6
sim0000_ME,133,29.88847583846723,1,3sml,2.4550822634101013,4.999999999999999,12.174123972918217,True,0.986524898003227,24.98757554446209,4.0,1996.1328111978096,1996.3723731416837,1996.3723731416837,1996.3723731416837,1996.2902376180698,1996.3723731416837,1998.7587896236955,1996.4562257021732,1998.9382101890099,-2.386416482011782,2.386416482011782,False,False,0.0,2.481984486836609,40.6
sim0000_ME,133,29.88847583846723,1,3sml,2.4550822634101013,4.999999999999999,12.174123972918217,True,0.986524898003227,24.98757554446209,5.0,1996.1328111978096,1996.3723731416837,1996.3723731416837,1996.3723731416837,1996.2902376180698,1996.3723731416837,1998.7587896236955,1996.4562257021732,1998.9382101890099,-2.386416482011782,2.386416482011782,False,False,0.0,2.481984486836609,40.6
sim0000_ME,133,29.88847583846723,1,3sml,2.4550822634101013,4.999999999999999,12.174123972918217,True,0.986524898003227,24.98757554446209,6.0,1996.1328111978096,1996.3723731416837,1996.3723731416837,1996.3723731416837,1996.2902376180698,1996.3723731416837,1998.9382101890099,1996.486129129725,2001.3454361069644,-2.565837047326113,2.565837047326113,False,False,0.0,4.859306977239385,40.6
sim0000_ME,133,29.88847583846723,1,3sml,2.4550822634101013,4.999999999999999,12.174123972918217,True,0.986524898003227,24.98757554446209,7.0,1996.1328111978096,1996.3723731416837,1996.3723731416837,1996.3723731416837,1996.2902376180698,1996.3723731416837,1998.9382101890099,1996.486129129725,2001.3454361069644,-2.565837047326113,2.565837047326113,False,False,0.0,4.859306977239385,40.6
sim0000_ME,133,29.88847583846723,1,3sml,2.4550822634101013,4.999999999999999,12.174123972918217,True,0.986524898003227,24.98757554446209,8.0,1996.1328111978096,1996.3723731416837,1996.3723731416837,1996.3723731416837,1996.2902376180698,1996.3723731416837,1998.9382101890099,1996.486129129725,2003.7227585973687,-2.565837047326113,2.565837047326113,False,False,0.0,7.236629467643752,40.6
sim0000_ME,133,29.88847583846723,1,3sml,2.4550822634101013,4.999999999999999,12.174123972918217,True,0.986524898003227,24.98757554446209,9.0,1996.1328111978096,1996.3723731416837,1996.3723731416837,1996.3723731416837,1996.2902376180698,1996.3723731416837,1998.9382101890099,1996.486129129725,2003.827420593801,-2.565837047326113,2.565837047326113,False,False,0.0,7.341291464075994,40.6
sim0000_ME,133,29.88847583846723,1,3sml,2.4550822634101013,4.999999999999999,12.174123972918217,True,0.986524898003227,24.98757554446209,10.0,1996.1328111978096,1996.3723731416837,1996.3723731416837,1996.3723731416837,1996.2902376180698,1996.3723731416837,1999.1101548974348,1996.486129129725,2003.827420593801,-2.7377817557510298,2.7377817557510298,False,False,0.0,7.341291464075994,40.6
sim0000_ME,133,29.88847583846723,1,3sml,2.4550822634101013,4.999999999999999,12.174123972918217,True,0.986524898003227,24.98757554446209,11.0,1996.1328111978096,1996.3723731416837,1996.3723731416837,1996.3723731416837,1996.2902376180698,1996.3723731416837,2001.3753395345175,1996.486129129725,2006.2119199068175,-5.002966392833741,5.002966392833741,False,False,0.0,9.72579077709247,40.6
sim0000_ME,133,29.88847583846723,1,3sml,2.4550822634101013,4.999999999999999,12.174123972918217,True,0.986524898003227,24.98757554446209,12.0,1996.1328111978096,1996.3723731416837,1996.3723731416837,1996.3723731416837,1996.2902376180698,1996.3723731416837,2001.3753395345175,1996.486129129725,2006.2119199068175,-5.002966392833741,5.002966392833741,False,False,0.0,9.72579077709247,40.6
sim0000_ME,133,29.88847583846723,1,3sml,2.4550822634101013,4.999999999999999,12.174123972918217,True,0.986524898003227,24.98757554446209,13.0,1996.1328111978096,1996.3723731416837,1996.3723731416837,1996.3723731416837,1996.2902376180698,1996.3723731416837,2003.6928551698163,1996.7403082639198,2008.6119690021599,-7.320482028132574,7.320482028132574,False,False,0.0,11.871660738240053,40.6
sim0000_ME,133,29.88847583846723,1,3sml,2.4550822634101013,4.999999999999999,12.174123972918217,True,0.986524898003227,24.98757554446209,14.0,1996.1328111978096,1996.3723731416837,1996.3723731416837,1996.3723731416837,1996.2902376180698,1996.3723731416837,2003.6928551698163,1996.7403082639198,2008.6119690021599,-7.320482028132574,7.320482028132574,False,False,0.0,11.871660738240053,40.6
sim0000_ME,133,29.88847583846723,1,3sml,2.4550822634101013,4.999999999999999,12.174123972918217,True,0.986524898003227,24.98757554446209,15.0,1996.1328111978096,1996.3723731416837,1996.3723731416837,1996.3723731416837,1996.2902376180698,1996.3723731416837,2003.7900413093607,1996.7403082639198,2008.7016792848165,-7.417668167676993,7.417668167676993,False,False,0.0,11.96137102089665,40.6
sim0000_ME,133,29.88847583846723,1,3sml,2.4550822634101013,4.999999999999999,12.174123972918217,True,0.986524898003227,24.98757554446209,15.94795540041082,1996.1328111978096,1996.3723731416837,1996.3723731416837,1996.3723731416837,1996.2902376180698,1996.3723731416837,2004.1414065830993,1996.7403082639198,2008.9409067052354,-7.769033441415559,7.769033441415559,False,False,0.0,12.200598441315606,40.6
sim0000_ME,133,29.88847583846723,2,3sml,2.4329701137394077,4.999999999999999,12.284769002990123,True,0.991420980165147,30.9003540278851,1.0,2000.1476810951408,2001.1469966324441,2001.1469966324441,2001.1469966324441,2001.1469966324441,2001.1469966324441,2001.1361121140997,2001.1361121140997,2001.1361121140997,0.010884518344482785,0.010884518344482785,False,False,0.0,0.0,40.6
sim0000_ME,133,29.88847583846723,2,3sml,2.4329701137394077,4.999999999999999,12.284769002990123,True,0.991420980165147,30.9003540278851,2.0,2000.1476810951408,2001.2017536481867,2001.1743751403153,2001.2017536481867,2001.1743751403153,2001.229132156058,2001.4052429620692,2001.4052429620692,2001.420194675845,-0.20348931388252822,0.20348931388252822,False,False,0.027378507871389957,0.014951713775872122,40.6
sim0000_ME,133,29.88847583846723,2,3sml,2.4329701137394077,4.999999999999999,12.284769002990123,True,0.991420980165147,30.9003540278851,3.0,2000.1476810951408,2001.2017536481867,2001.1743751403153,2001.2017536481867,2001.1743751403153,2001.229132156058,2001.4052429620692,2001.4052429620692,2001.420194675845,-0.20348931388252822,0.20348931388252822,False,False,0.027378507871389957,0.014951713775872122,40.6
sim0000_ME,133,29.88847583846723,2,3sml,2.4329701137394077,4.999999999999999,12.284769002990123,True,0.991420980165147,30.9003540278851,4.0,2000.1476810951408,2001.2017536481867,2001.1743751403153,2001.2017536481867,2001.1743751403153,2001.229132156058,2001.4052429620692,2001.4052429620692,2003.8872274489058,-0.20348931388252822,0.20348931388252822,False,False,0.027378507871389957,2.481984486836609,40.6
sim0000_ME,133,29.88847583846723,2,3sml,2.4329701137394077,4.999999999999999,12.284769002990123,True,0.991420980165147,30.9003540278851,5.0,2000.1476810951408,2001.2017536481867,2001.1743751403153,2001.2017536481867,2001.1743751403153,2001.229132156058,2001.4052429620692,2001.4052429620692,2003.8872274489058,-0.20348931388252822,0.20348931388252822,False,False,0.027378507871389957,2.481984486836609,40.6
sim0000_ME,133,29.88847583846723,2,3sml,2.4329701137394077,4.999999999999999,12.284769002990123,True,0.991420980165147,30.9003540278851,6.0,2000.1476810951408,2001.2017536481867,2001.1743751403153,2001.2017536481867,2001.1743751403153,2001.229132156058,2001.4052429620692,2001.4052429620692,2003.8872274489058,-0.20348931388252822,0.20348931388252822,False,False,0.027378507871389957,2.481984486836609,40.6
sim0000_ME,133,29.88847583846723,2,3sml,2.4329701137394077,4.999999999999999,12.284769002990123,True,0.991420980165147,30.9003540278851,7.0,2000.1476810951408,2001.2017536481867,2001.1743751403153,2001.2017536481867,2001.1743751403153,2001.229132156058,2001.4052429620692,2001.4052429620692,2006.3542602219663,-0.20348931388252822,0.20348931388252822,False,False,0.027378507871389957,4.9490172598971185,40.6
sim0000_ME,133,29.88847583846723,2,3sml,2.4329701137394077,4.999999999999999,12.284769002990123,True,0.991420980165147,30.9003540278851,8.0,2000.1476810951408,2001.2017536481867,2001.1743751403153,2001.2017536481867,2001.1743751403153,2001.229132156058,2001.4052429620692,2001.4052429620692,2006.3542602219663,-0.20348931388252822,0.20348931388252822,False,False,0.027378507871389957,4.9490172598971185,40.6
sim0000_ME,133,29.88847583846723,2,3sml,2.4329701137394077,4.999999999999999,12.284769002990123,True,0.991420980165147,30.9003540278851,9.0,2000.1476810951408,2001.2017536481867,2001.1743751403153,2001.2017536481867,2001.1743751403153,2001.229132156058,2001.4052429620692,2001.4052429620692,2008.821292995026,-0.20348931388252822,0.20348931388252822,False,False,0.027378507871389957,7.4160500329567185,40.6
sim0000_ME,133,29.88847583846723,2,3sml,2.4329701137394077,4.999999999999999,12.284769002990123,True,0.991420980165147,30.9003540278851,10.0,2000.1476810951408,2001.2017536481867,2001.1743751403153,2001.2017536481867,2001.1743751403153,2001.229132156058,2001.4052429620692,2001.4052429620692,2008.821292995026,-0.20348931388252822,0.20348931388252822,False,False,0.027378507871389957,7.4160500329567185,40.6
sim0000_ME,133,29.88847583846723,2,3sml,2.4329701137394077,4.999999999999999,12.284769002990123,True,0.991420980165147,30.9003540278851,11.0,2000.1476810951408,2001.2017536481867,2001.1743751403153,2001.2017536481867,2001.1743751403153,2001.229132156058,2001.4052429620692,2001.4052429620692,2008.821292995026,-0.20348931388252822,0.20348931388252822,False,False,0.027378507871389957,7.4160500329567185,40.6
sim0000_ME,133,29.88847583846723,2,3sml,2.4329701137394077,4.999999999999999,12.284769002990123,True,0.991420980165147,30.9003540278851,11.93308550307961,2000.1476810951408,2001.2017536481867,2001.1743751403153,2001.2017536481867,2001.1743751403153,2001.229132156058,2001.4052429620692,2001.4052429620692,2011.2883257680865,-0.20348931388252822,0.20348931388252822,False,False,0.027378507871389957,9.883082806017228,40.6
sim0000_ME,133,29.88847583846723,3,3sml,2.435946878247838,4.999999999999999,12.269756826538776,True,0.9943767011295865,24.151085551186394,1.0,2004.4971234770703,2004.9009564681724,2004.9009564681724,2004.9009564681724,2004.9009564681724,2004.9009564681724,2004.5002477137266,2004.5002477137266,2004.5002477137266,0.40070875444575904,0.40070875444575904,False,False,0.0,0.0,40.6
sim0000_ME,133,29.88847583846723,3,3sml,2.435946878247838,4.999999999999999,12.269756826538776,True,0.9943767011295865,24.151085551186394,2.0,2004.4971234770703,2004.9009564681724,2004.9009564681724,2004.9009564681724,2004.9009564681724,2006.1535232032852,2006.4140670770698,2006.4140670770698,2006.4290187908457,-1.5131106088974775,1.5131106088974775,False,False,0.0,0.014951713775872122,40.6
sim0000_ME,133,29.88847583846723,3,3sml,2.435946878247838,4.999999999999999,12.269756826538776,True,0.9943767011295865,24.151085551186394,3.0,2004.4971234770703,2004.9009564681724,2004.9009564681724,2004.9009564681724,2004.9009564681724,2006.1535232032852,2006.4140670770698,2006.4140670770698,2006.4290187908457,-1.5131106088974775,1.5131106088974775,False,False,0.0,0.014951713775872122,40.6
sim0000_ME,133,29.88847583846723,3,3sml,2.435946878247838,4.999999999999999,12.269756826538776,True,0.9943767011295865,24.151085551186394,4.0,2004.4971234770703,2004.9009564681724,2004.9009564681724,2004.9009564681724,2004.9009564681724,2006.1535232032852,2006.4140670770698,2006.4140670770698,2006.4290187908457,-1.5131106088974775,1.5131106088974775,False,False,0.0,0.014951713775872122,40.6
sim0000_ME,133,29.88847583846723,3,3sml,2.435946878247838,4.999999999999999,12.269756826538776,True,0.9943767011295865,24.151085551186394,5.0,2004.4971234770703,2004.9009564681724,2004.9009564681724,2004.9009564681724,2004.9009564681724,2006.1535232032852,2008.8661481363547,2006.4140670770698,2008.8661481363547,-3.9651916681823423,3.9651916681823423,False,False,0.0,2.4520810592848648,40.6
sim0000_ME,133,29.88847583846723,3,3sml,2.435946878247838,4.999999999999999,12.269756826538776,True,0.9943767011295865,24.151085551186394,6.0,2004.4971234770703,2004.9009564681724,2004.9009564681724,2004.9009564681724,2004.9009564681724,2006.1535232032852,2008.8661481363547,2006.4140670770698,2008.8661481363547,-3.9651916681823423,3.9651916681823423,False,False,0.0,2.4520810592848648,40.6
sim0000_ME,133,29.88847583846723,3,3sml,2.435946878247838,4.999999999999999,12.269756826538776,True,0.9943767011295865,24.151085551186394,7.0,2004.4971234770703,2004.9009564681724,2004.9009564681724,2004.9009564681724,2004.9009564681724,2006.1535232032852,2008.8661481363547,2006.4140670770698,2011.3182291956382,-3.9651916681823423,3.9651916681823423,False,False,0.0,4.904162118568365,40.6
sim0000_ME,133,29.88847583846723,3,3sml,2.435946878247838,4.999999999999999,12.269756826538776,True,0.9943767011295865,24.151085551186394,7.583643121150089,2004.4971234770703,2004.9009564681724,2004.9009564681724,2004.9009564681724,2004.9009564681724,2006.1535232032852,2008.8661481363547,2006.4140670770698,2011.3182291956382,-3.9651916681823423,3.9651916681823423,False,False,0.0,4.904162118568365,40.6
sim0000_ME,133,29.88847583846723,4,3sml,2.4215141873427366,4.999999999999999,12.342886940202291,True,0.9940826122224191,32.994292643133626,1.0,2009.5157108281999,2010.5150263655032,2010.5150263655032,2010.5150263655032,2009.755272772074,2010.5150263655032,2010.5108366517272,2010.5108366517272,2010.5108366517272,0.0041897137759860925,0.0041897137759860925,False,True,0.0,0.0,40.6
sim0000_ME,133,29.88847583846723,4,3sml,2.4215141873427366,4.999999999999999,12.342886940202291,True,0.9940826122224191,32.994292643133626,2.0,2009.5157108281999,2011.0078395071869,2010.9804609993155,2011.0078395071869,2010.9804609993155,2011.0352180150583,2011.2883257680865,2011.2883257680865,2011.3032774818623,-0.28048626089957907,0.28048626089957907,False,False,0.027378507871389957,0.014951713775872122,40.6
sim0000_ME,133,29.88847583846723,4,3sml,2.4215141873427366,4.999999999999999,12.342886940202291,True,0.9940826122224191,32.994292643133626,2.5650557700205354,2009.5157108281999,2011.0078395071869,2010.9804609993155,2011.0078395071869,2010.9804609993155,2011.0352180150583,2011.2883257680865,2011.2883257680865,2011.3032774818623,-0.28048626089957907,0.28048626089957907,False,False,0.027378507871389957,0.014951713775872122,40.6
sim0001_K,133,29.88847583846723,0,2sm,6.629991646443464,4.999999999999999,4.508071417329816,True,0.8333882154324809,1.7130741190105194,1.0,1992.4525138124566,1992.6099402327168,1992.5278047091028,1992.6099402327168,1992.5278047091028,1992.6099402327168,1993.34626923674,1993.3163658091883,1993.3761726642917,-0.7363290040232187,0.7363290040232187,False,False,0.0821355236139425,0.05980685510348849,40.6
sim0001_K,133,29.88847583846723,0,2sm,6.629991646443464,4.999999999999999,4.508071417329816,True,0.8333882154324809,1.7130741190105194,2.0,1992.4525138124566,1992.6099402327168,1992.6099402327168,1994.4374556331275,1992.5278047091028,1994.4374556331275,1993.34626923674,1993.3163658091883,1993.3761726642917,-0.7363290040232187,0.7363290040232187,True,True,1.8275154004106753,0.05980685510348849,40.6
sim0001_K,133,29.88847583846723,0,2sm,6.629991646443464,4.999999999999999,4.508071417329816,True,0.8333882154324809,1.7130741190105194,3.0,1992.4525138124566,1995.4504604243664,1992.6099402327168,1995.4504604243664,1992.5278047091028,1995.4504604243664,1995.4395091653976,1995.4395091653976,1995.4395091653976,0.010951258968816546,0.010951258968816546,True,True,2.8405201916496026,0.0,40.6
sim0001_K,133,29.88847583846723,0,2sm,6.629991646443464,4.999999999999999,4.508071417329816,True,0.8333882154324809,1.7130741190105194,4.0,1992.4525138124566,1996.1349231211493,1992.6099402327168,1996.1896801368919,1992.5278047091028,1996.2991941683772,1995.73854344092,1995.7235917271428,1995.7684468684718,0.3963796802293018,0.3963796802293018,True,True,3.579739904175085,0.04485514132898061,40.6
sim0001_K,133,29.88847583846723,0,2sm,6.629991646443464,4.999999999999999,4.508071417329816,True,0.8333882154324809,1.7130741190105194,5.0,1992.4525138124566,1996.1349231211493,1992.6099402327168,1996.1896801368919,1992.5278047091028,1996.2991941683772,1995.73854344092,1995.7235917271428,1995.7684468684718,0.3963796802293018,0.3963796802293018,True,True,3.579739904175085,0.04485514132898061,40.6
sim0001_K,133,29.88847583846723,0,2sm,6.629991646443464,4.999999999999999,4.508071417329816,True,0.8333882154324809,1.7130741190105194,6.0,1992.4525138124566,1996.1349231211493,1992.6099402327168,1996.1896801368919,1992.5278047091028,1996.2991941683772,1995.73854344092,1995.7235917271428,1995.7684468684718,0.3963796802293018,0.3963796802293018,True,True,3.579739904175085,0.04485514132898061,40.6
sim0001_K,133,29.88847583846723,0,2sm,6.629991646443464,4.999999999999999,4.508071417329816,True,0.8333882154324809,1.7130741190105194,7.0,1992.4525138124566,1996.1349231211493,1992.6099402327168,1996.1896801368919,1992.5278047091028,1996.2991941683772,1995.73854344092,1995.7235917271428,1995.7684468684718,0.3963796802293018,0.3963796802293018,True,True,3.579739904175085,0.04485514132898061,40.6
sim0001_K,133,29.88847583846723,0,2sm,6.629991646443464,4.999999999999999,4.508071417329816,True,0.8333882154324809,1.7130741190105194,8.0,1992.4525138124566,1996.1349231211493,1992.6099402327168,1996.1896801368919,1992.5278047091028,1996.2991941683772,1995.73854344092,1995.7235917271428,1995.7684468684718,0.3963796802293018,0.3963796802293018,True,True,3.579739904175085,0.04485514132898061,40.6
sim0001_K,133,29.88847583846723,0,2sm,6.629991646443464,4.999999999999999,4.508071417329816,True,0.8333882154324809,1.7130741190105194,9.0,1992.4525138124566,1996.1349231211493,1992.6099402327168,1996.1896801368919,1992.5278047091028,1996.2991941683772,1995.73854344092,1995.7235917271428,1995.7684468684718,0.3963796802293018,0.3963796802293018,True,True,3.579739904175085,0.04485514132898061,40.6
sim0001_K,133,29.88847583846723,0,2sm,6.629991646443464,4.999999999999999,4.508071417329816,True,0.8333882154324809,1.7130741190105194,10.0,1992.4525138124566,1996.1349231211493,1992.6099402327168,1996.1896801368919,1992.5278047091028,1996.2991941683772,1995.73854344092,1995.7235917271428,1995.7684468684718,0.3963796802293018,0.3963796802293018,True,True,3.579739904175085,0.04485514132898061,40.6
sim0001_K,133,29.88847583846723,0,2sm,6.629991646443464,4.999999999999999,4.508071417329816,True,0.8333882154324809,1.7130741190105194,11.0,1992.4525138124566,1996.1349231211493,1992.6099402327168,1996.1896801368919,1992.5278047091028,1996.2991941683772,1995.73854344092,1995.7235917271428,1995.7684468684718,0.3963796802293018,0.3963796802293018,True,True,3.579739904175085,0.04485514132898061,40.6
sim0001_K,133,29.88847583846723,0,2sm,6.629991646443464,4.999999999999999,4.508071417329816,True,0.8333882154324809,1.7130741190105194,12.0,1992.4525138124566,1996.1349231211493,1992.6099402327168,1996.1896801368919,1992.5278047091028,1996.2991941683772,2004.1862617244283,1995.7235917271428,2004.261020293309,-8.051338603278964,8.051338603278964,False,False,3.579739904175085,8.537428566166227,40.6
sim0001_K,133,29.88847583846723,0,2sm,6.629991646443464,4.999999999999999,4.508071417329816,True,0.8333882154324809,1.7130741190105194,13.0,1992.4525138124566,1996.1349231211493,1992.6099402327168,1996.1896801368919,1992.5278047091028,1996.2991941683772,2004.1862617244283,1995.7235917271428,2004.261020293309,-8.051338603278964,8.051338603278964,False,False,3.579739904175085,8.537428566166227,40.6
sim0001_K,133,29.88847583846723,0,2sm,6.629991646443464,4.999999999999999,4.508071417329816,True,0.8333882154324809,1.7130741190105194,14.0,1992.4525138124566,1996.1349231211493,1992.6099402327168,1996.1896801368919,1992.5278047091028,1996.2991941683772,2004.1862617244283,1995.7235917271428,2004.261020293309,-8.051338603278964,8.051338603278964,False,False,3.579739904175085,8.537428566166227,40.6
sim0001_K,133,29.88847583846723,0,2sm,6.629991646443464,4.999999999999999,4.508071417329816,True,0.8333882154324809,1.7130741190105194,15.0,1992.4525138124566,1996.1349231211493,1992.6099402327168,1996.1896801368919,1992.5278047091028,1996.2991941683772,2004.1862617244283,1995.7235917271428,2004.261020293309,-8.051338603278964,8.051338603278964,False,False,3.579739904175085,8.537428566166227,40.6
sim0001_K,133,29.88847583846723,0,2sm,6.629991646443464,4.999999999999999,4.508071417329816,True,0.8333882154324809,1.7130741190105194,16.0,1992.4525138124566,1996.1349231211493,1992.6099402327168,1996.1896801368919,1992.5278047091028,1996.2991941683772,2004.1862617244283,1995.7235917271428,2004.261020293309,-8.051338603278964,8.051338603278964,False,False,3.579739904175085,8.537428566166227,40.6
sim0001_K,133,29.88847583846723,0,2sm,6.629991646443464,4.999999999999999,4.508071417329816,True,0.8333882154324809,1.7130741190105194,17.0,1992.4525138124566,1996.1349231211493,1992.6099402327168,1996.1896801368919,1992.5278047091028,1996.2991941683772,2004.1862617244283,1995.7235917271428,2004.261020293309,-8.051338603278964,8.051338603278964,False,False,3.579739904175085,8.537428566166227,40.6
sim0001_K,133,29.88847583846723,0,2sm,6.629991646443464,4.999999999999999,4.508071417329816,True,0.8333882154324809,1.7130741190105194,18.0,1992.4525138124566,1996.1349231211493,1992.6099402327168,1996.1896801368919,1992.5278047091028,1996.2991941683772,2004.1862617244283,1995.7235917271428,2004.261020293309,-8.051338603278964,8.051338603278964,False,False,3.579739904175085,8.537428566166227,40.6
sim0001_K,133,29.88847583846723,0,2sm,6.629991646443464,4.999999999999999,4.508071417329816,True,0.8333882154324809,1.7130741190105194,19.0,1992.4525138124566,1996.1349231211493,1992.6099402327168,1996.1896801368919,1992.5278047091028,1996.2991941683772,2004.1862617244283,1995.7235917271428,2004.261020293309,-8.051338603278964,8.051338603278964,False,False,3.579739904175085,8.537428566166227,40.6
sim0001_K,133,29.88847583846723,0,2sm,6.629991646443464,4.999999999999999,4.508071417329816,True,0.8333882154324809,1.7130741190105194,19.628252785763834,1992.4525138124566,1996.1349231211493,1992.6099402327168,1996.1896801368919,1992.5278047091028,1996.2991941683772,2004.1862617244283,1995.7235917271428,2004.261020293309,-8.051338603278964,8.051338603278964,False,False,3.579739904175085,8.537428566166227,40.6
sim0001_K,133,29.88847583846723,1,3sml,6.582269587222902,4.999999999999999,4.54075534926204,True,0.9585643487487354,1.6077447384289907,1.0,1996.1328111978096,1996.2902376180698,1996.2081020944559,1996.2902376180698,1996.2081020944559,1996.2902376180698,1996.142239712875,1996.142239712875,1996.142239712875,0.14799790519487033,0.14799790519487033,False,False,0.0821355236139425,0.0,40.6
sim0001_K,133,29.88847583846723,1,3sml,6.582269587222902,4.999999999999999,4.54075534926204,True,0.9585643487487354,1.6077447384289907,2.0,1996.1328111978096,1996.2902376180698,1996.2081020944559,1996.2902376180698,1996.2081020944559,1996.2902376180698,1996.142239712875,1996.142239712875,1996.142239712875,0.14799790519487033,0.14799790519487033,False,False,0.0821355236139425,0.0,40.6
sim0001_K,133,29.88847583846723,1,3sml,6.582269587222902,4.999999999999999,4.54075534926204,True,0.9585643487487354,1.6077447384289907,3.0,1996.1328111978096,1996.2902376180698,1996.2081020944559,1996.2902376180698,1996.2081020944559,1996.2902376180698,1996.142239712875,1996.142239712875,1996.142239712875,0.14799790519487033,0.14799790519487033,False,False,0.0821355236139425,0.0,40.6
sim0001_K,133,29.88847583846723,1,3sml,6.582269587222902,4.999999999999999,4.54075534926204,True,0.9585643487487354,1.6077447384289907,4.0,1996.1328111978096,1996.2902376180698,1996.2081020944559,1996.2902376180698,1996.2081020944559,1996.2902376180698,1996.142239712875,1996.142239712875,1996.142239712875,0.14799790519487033,0.14799790519487033,False,False,0.0821355236139425,0.0,40.6
sim0001_K,133,29.88847583846723,1,3sml,6.582269587222902,4.999999999999999,4.54075534926204,True,0.9585643487487354,1.6077447384289907,5.0,1996.1328111978096,1996.2902376180698,1996.2081020944559,1996.2902376180698,1996.2081020944559,1996.2902376180698,1996.142239712875,1996.142239712875,1996.142239712875,0.14799790519487033,0.14799790519487033,False,False,0.0821355236139425,0.0,40.6
sim0001_K,133,29.88847583846723,1,3sml,6.582269587222902,4.999999999999999,4.54075534926204,True,0.9585643487487354,1.6077447384289907,6.0,1996.1328111978096,1996.2902376180698,1996.2081020944559,1996.2902376180698,1996.2081020944559,1996.2902376180698,2002.1229252233238,2002.1229252233238,2002.1229252233238,-5.832687605254023,5.832687605254023,False,False,0.0821355236139425,0.0,40.6
sim0001_K,133,29.88847583846723,1,3sml,6.582269587222902,4.999999999999999,4.54075534926204,True,0.9585643487487354,1.6077447384289907,7.0,1996.1328111978096,1996.2902376180698,1996.2081020944559,1996.2902376180698,1996.2081020944559,1996.2902376180698,2002.451862926398,2002.4369112126221,2002.4668146401739,-6.161625308328212,6.161625308328212,False,False,0.0821355236139425,0.029903427551744244,40.6
sim0001_K,133,29.88847583846723,1,3sml,6.582269587222902,4.999999999999999,4.54075534926204,True,0.9585643487487354,1.6077447384289907,8.0,1996.1328111978096,1996.2902376180698,1996.2081020944559,1996.2902376180698,1996.2081020944559,1996.2902376180698,2002.451862926398,2002.4369112126221,2002.4668146401739,-6.161625308328212,6.161625308328212,False,False,0.0821355236139425,0.029903427551744244,40.6
sim0001_K,133,29.88847583846723,1,3sml,6.582269587222902,4.999999999999999,4.54075534926204,True,0.9585643487487354,1.6077447384289907,9.0,1996.1328111978096,1996.2902376180698,1996.2081020944559,1996.2902376180698,1996.2081020944559,1996.2902376180698,2002.451862926398,2002.4369112126221,2002.4668146401739,-6.161625308328212,6.161625308328212,False,False,0.0821355236139425,0.029903427551744244,40.6
sim0001_K,133,29.88847583846723,1,3sml,6.582269587222902,4.999999999999999,4.54075534926204,True,0.9585643487487354,1.6077447384289907,10.0,1996.1328111978096,1996.2902376180698,1996.2081020944559,1996.2902376180698,1996.2081020944559,1996.2902376180698,2002.451862926398,2002.4369112126221,2002.4668146401739,-6.161625308328212,6.161625308328212,False,False,0.0821355236139425,0.029903427551744244,40.6
sim0001_K,133,29.88847583846723,1,3sml,6.582269587222902,4.999999999999999,4.54075534926204,True,0.9585643487487354,1.6077447384289907,11.0,1996.1328111978096,1996.2902376180698,1996.2081020944559,1996.2902376180698,1996.2081020944559,1996.2902376180698,2002.451862926398,2002.4369112126221,2002.4668146401739,-6.161625308328212,6.161625308328212,False,False,0.0821355236139425,0.029903427551744244,40.6
sim0001_K,133,29.88847583846723,1,3sml,6.582269587222902,4.999999999999999,4.54075534926204,True,0.9585643487487354,1.6077447384289907,12.0,1996.1328111978096,1996.2902376180698,1996.2081020944559,1996.2902376180698,1996.2081020944559,1996.2902376180698,2002.451862926398,2002.4369112126221,2002.4668146401739,-6.161625308328212,6.161625308328212,False,False,0.0821355236139425,0.029903427551744244,40.6
sim0001_K,133,29.88847583846723,1,3sml,6.582269587222902,4.999999999999999,4.54075534926204,True,0.9585643487487354,1.6077447384289907,13.0,1996.1328111978096,1996.2902376180698,1996.2081020944559,1996.2902376180698,1996.2081020944559,1996.2902376180698,2002.451862926398,2002.4369112126221,2002.4668146401739,-6.161625308328212,6.161625308328212,False,False,0.0821355236139425,0.029903427551744244,40.6
sim0001_K,133,29.88847583846723,1,3sml,6.582269587222902,4.999999999999999,4.54075534926204,True,0.9585643487487354,1.6077447384289907,14.0,1996.1328111978096,1996.2902376180698,1996.2081020944559,1996.2902376180698,1996.2081020944559,1996.2902376180698,2002.451862926398,2002.4369112126221,2002.4668146401739,-6.161625308328212,6.161625308328212,False,False,0.0821355236139425,0.029903427551744244,40.6
sim0001_K,133,29.88847583846723,1,3sml,6.582269587222902,4.999999999999999,4.54075534926204,True,0.9585643487487354,1.6077447384289907,15.0,1996.1328111978096,1996.2902376180698,1996.2081020944559,1996.2902376180698,1996.2081020944559,1996.2902376180698,2010.9369604943472,2002.451862926398,2010.9593880650111,-14.646722876277408,14.646722876277408,False,False,0.0821355236139425,8.507525138613119,40.6
sim0001_K,133,29.88847583846723,1,3sml,6.582269587222902,4.999999999999999,4.54075534926204,True,0.9585643487487354,1.6077447384289907,15.94795540041082,1996.1328111978096,1996.2902376180698,1996.2081020944559,1996.2902376180698,1996.2081020944559,1996.2902376180698,2010.9369604943472,2002.451862926398,2010.9593880650111,-14.646722876277408,14.646722876277408,False,False,0.0821355236139425,8.507525138613119,40.6
sim0001_K,133,29.88847583846723,2,1m,0.7953076204273335,1.0,37.581025342631065,True,0.9995130810438083,1.644742400951289,1.0,2000.1476810951408,2000.6336496098568,2000.6336496098568,2000.6336496098568,2000.6336496098568,2000.6336496098568,2000.7174641283677,2000.7174641283677,2000.7174641283677,-0.08381451851096244,0.08381451851096244,False,False,0.0,0.0,40.6
sim0001_K,133,29.88847583846723,2,1m,0.7953076204273335,1.0,37.581025342631065,True,0.9995130810438083,1.644742400951289,2.0,2000.1476810951408,2000.6336496098568,2000.6336496098568,2000.6336496098568,2000.6336496098568,2000.6336496098568,2000.7174641283677,2000.7174641283677,2001.5996152411594,-0.08381451851096244,0.08381451851096244,False,False,0.0,0.8821511127916892,40.6
sim0001_K,133,29.88847583846723,2,1m,0.7953076204273335,1.0,37.581025342631065,True,0.9995130810438083,1.644742400951289,3.0,2000.1476810951408,2000.6336496098568,2000.6336496098568,2000.6336496098568,2000.6336496098568,2000.6336496098568,2000.7174641283677,2000.7174641283677,2001.5996152411594,-0.08381451851096244,0.08381451851096244,False,False,0.0,0.8821511127916892,40.6
sim0001_K,133,29.88847583846723,2,1m,0.7953076204273335,1.0,37.581025342631065,True,0.9995130810438083,1.644742400951289,4.0,2000.1476810951408,2000.6336496098568,2000.6336496098568,2000.6336496098568,2000.6336496098568,2000.6336496098568,2000.7174641283677,2000.7174641283677,2001.5996152411594,-0.08381451851096244,0.08381451851096244,False,False,0.0,0.8821511127916892,40.6
sim0001_K,133,29.88847583846723,2,1m,0.7953076204273335,1.0,37.581025342631065,True,0.9995130810438083,1.644742400951289,5.0,2000.1476810951408,2000.6336496098568,2000.6336496098568,2000.6336496098568,2000.6336496098568,2000.6336496098568,2000.7174641283677,2000.7174641283677,2001.740759419206,-0.08381451851096244,0.08381451851096244,False,False,0.0,1.0232952908381776,40.6
sim0001_K,133,29.88847583846723,2,1m,0.7953076204273335,1.0,37.581025342631065,True,0.9995130810438083,1.644742400951289,6.0,2000.1476810951408,2000.6336496098568,2000.6336496098568,2000.6336496098568,2000.6336496098568,2000.6336496098568,2000.7174641283677,2000.7174641283677,2002.4817663539498,-0.08381451851096244,0.08381451851096244,False,False,0.0,1.7643022255820142,40.6
sim0001_K,133,29.88847583846723,2,1m,0.7953076204273335,1.0,37.581025342631065,True,0.9995130810438083,1.644742400951289,7.0,2000.1476810951408,2000.6336496098568,2000.6336496098568,2000.6336496098568,2000.6336496098568,2000.6336496098568,2000.7174641283677,2000.7174641283677,2002.4817663539498,-0.08381451851096244,0.08381451851096244,False,False,0.0,1.7643022255820142,40.6
sim0001_K,133,29.88847583846723,2,1m,0.7953076204273335,1.0,37.581025342631065,True,0.9995130810438083,1.644742400951289,8.0,2000.1476810951408,2000.6336496098568,2000.6336496098568,2000.6336496098568,2000.6336496098568,2000.6336496098568,2001.5996152411594,2000.7174641283677,2007.789624744473,-0.9659656313026517,0.9659656313026517,False,False,0.0,7.072160616105293,40.6
sim0001_K,133,29.88847583846723,2,1m,0.7953076204273335,1.0,37.581025342631065,True,0.9995130810438083,1.644742400951289,9.0,2000.1476810951408,2000.6336496098568,2000.6336496098568,2000.6336496098568,2000.6336496098568,2000.6336496098568,2002.4817663539498,2000.7174641283677,2008.6717758572647,-1.8481167440929767,1.8481167440929767,False,False,0.0,7.9543117288969825,40.6
sim0001_K,133,29.88847583846723,2,1m,0.7953076204273335,1.0,37.581025342631065,True,0.9995130810438083,1.644742400951289,10.0,2000.1476810951408,2000.6336496098568,2000.6336496098568,2000.6336496098568,2000.6336496098568,2000.6336496098568,2007.789624744473,2001.5996152411594,2009.5539269700562,-7.155975134616256,7.155975134616256,False,False,0.0,7.954311728896755,40.6
sim0001_K,133,29.88847583846723,2,1m,0.7953076204273335,1.0,37.581025342631065,True,0.9995130810438083,1.644742400951289,11.0,2000.1476810951408,2000.6336496098568,2000.6336496098568,2000.6336496098568,2000.6336496098568,2000.6336496098568,2008.6717758572647,2001.5996152411594,2009.5539269700562,-8.038126247407945,8.038126247407945,False,False,0.0,7.954311728896755,40.6
sim0001_K,133,29.88847583846723,2,1m,0.7953076204273335,1.0,37.581025342631065,True,0.9995130810438083,1.644742400951289,11.93308550307961,2000.1476810951408,2000.6336496098568,2000.6336496098568,2000.6336496098568,2000.6336496098568,2000.6336496098568,2008.6717758572647,2001.5996152411594,2010.4360780828467,-8.038126247407945,8.038126247407945,False,False,0.0,8.836462841687307,40.6
sim0001_K,133,29.88847583846723,3,3sml,0.8879233122297397,4.999999999999999,33.661100487847015,True,0.9922295401892629,1.472995215653899,1.0,2004.4971234770703,2004.5724143737164,2004.5724143737164,2004.5724143737164,2004.5724143737164,2004.5724143737164,2005.3076402576378,2005.3076402576378,2005.3076402576378,-0.7352258839214301,0.7352258839214301,False,False,0.0,0.0,40.6
sim0001_K,133,29.88847583846723,3,3sml,0.8879233122297397,4.999999999999999,33.661100487847015,True,0.9922295401892629,1.472995215653899,2.0,2004.4971234770703,2004.5724143737164,2004.5724143737164,2004.5724143737164,2004.5724143737164,2004.5724143737164,2006.189791370428,2005.3076402576378,2006.189791370428,-1.617376996711755,1.617376996711755,False,False,0.0,0.882151112790325,40.6
sim0001_K,133,29.88847583846723,3,3sml,0.8879233122297397,4.999999999999999,33.661100487847015,True,0.9922295401892629,1.472995215653899,3.0,2004.4971234770703,2004.5724143737164,2004.5724143737164,2004.5724143737164,2004.5724143737164,2004.5724143737164,2006.189791370428,2005.3076402576378,2006.189791370428,-1.617376996711755,1.617376996711755,False,False,0.0,0.882151112790325,40.6
sim0001_K,133,29.88847583846723,3,3sml,0.8879233122297397,4.999999999999999,33.661100487847015,True,0.9922295401892629,1.472995215653899,4.0,2004.4971234770703,2004.5724143737164,2004.5724143737164,2004.5724143737164,2004.5724143737164,2004.5724143737164,2006.189791370428,2005.3076402576378,2006.189791370428,-1.617376996711755,1.617376996711755,False,False,0.0,0.882151112790325,40.6
sim0001_K,133,29.88847583846723,3,3sml,0.8879233122297397,4.999999999999999,33.661100487847015,True,0.9922295401892629,1.472995215653899,5.0,2004.4971234770703,2004.5724143737164,2004.5724143737164,2004.5724143737164,2004.5724143737164,2004.5724143737164,2006.189791370428,2006.189791370428,2008.8511964225777,-1.617376996711755,1.617376996711755,False,False,0.0,2.6614050521495756,40.6
sim0001_K,133,29.88847583846723,3,3sml,0.8879233122297397,4.999999999999999,33.661100487847015,True,0.9922295401892629,1.472995215653899,6.0,2004.4971234770703,2004.5724143737164,2004.5724143737164,2004.5724143737164,2004.5724143737164,2004.5724143737164,2007.5130180396154,2006.189791370428,2009.7333475353694,-2.9406036658990615,2.9406036658990615,False,False,0.0,3.543556164941265,40.6
sim0001_K,133,29.88847583846723,3,3sml,0.8879233122297397,4.999999999999999,33.661100487847015,True,0.9922295401892629,1.472995215653899,7.0,2004.4971234770703,2004.5724143737164,2004.5724143737164,2004.5724143737164,2004.5724143737164,2004.5724143737164,2007.9540935960113,2006.189791370428,2009.7333475353694,-3.381679222294906,3.381679222294906,False,False,0.0,3.543556164941265,40.6
sim0001_K,133,29.88847583846723,3,3sml,0.8879233122297397,4.999999999999999,33.661100487847015,True,0.9922295401892629,1.472995215653899,7.583643121150089,2004.4971234770703,2004.5724143737164,2004.5724143737164,2004.5724143737164,2004.5724143737164,2004.5724143737164,2008.8511964225777,2006.189791370428,2009.7333475353694,-4.278782048861331,4.278782048861331,False,False,0.0,3.543556164941265,40.6
sim0001_K,133,29.88847583846723,4,2ml,0.8230712010815058,1.0,36.313353934865084,True,0.9995308648245154,1.675834327095822,1.0,2009.5157108281999,2009.5910017248461,2009.5910017248461,2009.5910017248461,2009.5910017248461,2009.5910017248461,2009.7333475353694,2009.7333475353694,2009.7482992491452,-0.14234581052323847,0.14234581052323847,False,False,0.0,0.014951713775872122,40.6
sim0001_K,133,29.88847583846723,4,2ml,0.8230712010815058,1.0,36.313353934865084,True,0.9995308648245154,1.675834327095822,2.0,2009.5157108281999,2009.5910017248461,2009.5910017248461,2009.5910017248461,2009.5910017248461,2009.5910017248461,2009.7333475353694,2009.7333475353694,2011.5126014747284,-0.14234581052323847,0.14234581052323847,False,False,0.0,1.7792539393590232,40.6
sim0001_K,133,29.88847583846723,4,2ml,0.8230712010815058,1.0,36.313353934865084,True,0.9995308648245154,1.675834327095822,2.5650557700205354,2009.5157108281999,2009.5910017248461,2009.5910017248461,2009.5910017248461,2009.5910017248461,2009.5910017248461,2009.7333475353694,2009.7333475353694,2011.5126014747284,-0.14234581052323847,0.14234581052323847,False,False,0.0,1.7792539393590232,40.6
