star,sp_type,Pcycle_yr,Pcycle_err,Acycle_mmag,Acycle_err,FAP_cyc,Prot_d,Prot_err,Arot_mmag,Arot_err,FAP_rot,Prot_lit_d,Prot_lit_err,Prot_lit_ref
HD 1388,G0,13.4,6.0,8.1,2.2,<0.1,,,,,,19.9,1.4,1
HD 1388,G0,,,,,,,,,,,19.7,2.8,4
HD 10180,G1,4.1,0.4,3.3,0.9,1.7,29.5,0.1,3.3,0.9,3.7,24.1,3.0,4
HD 21019,G2,,,,,,29.5,0.1,5.9,1.3,0.7,38.4,3.5,4
HD 2071,G2,11.2,3.6,4.9,1.3,<0.1,29.6,0.1,3.1,0.9,<0.1,22.8,0.7,1
HD 1320,G2,3.3,0.2,2.6,0.8,2.1,29.6,0.1,2.5,0.8,2.7,28.4,8.7,1
HD 63765,G9,12.9,4.9,3.9,0.9,<0.1,29.5,0.1,2.7,1.0,0.2,26.7,6.7,1
HD 82558,K0,2.5,0.1,13.6,1.1,0.3,1.6,0.1,28.7,0.9,<0.1,1.60,0.0,6
HD 155885,K1,6.2,0.1,36.9,1.0,<0.1,,,,,,21.1,2.1,7
HD 224789,K1,7.1,0.9,6.7,1.3,<0.1,16.6,0.1,6.8,1.2,<0.1,16.9,1.8,1
HD 224789,K1,,,,,,,,,,,11.8,4.7,4
V660 Tau,K2,7.1,0.2,31.7,1.5,<0.1,0.2,0.0,35.9,1.5,<0.1,0.23,0.02,8
HD 176986,K2.5,7.3,0.7,4.8,1.2,<0.1,,,,,,33.4,0.2,1
HD 176986,K2.5,,,,,,,,,,,39.0,5.3,4
HD 32147,K3,5.8,0.5,7.5,1.3,<0.1,,,,,,47.4,4.7,10
HD 45088,K3,7.0,0.1,14.2,1.2,<0.1,,,,,,7.4,0.7,9
HD 104067,K3,7.7,1.3,4.1,0.7,<0.1,27.4,0.1,2.8,0.7,5.0,29.8,3.1,1
HD 215152,K3,,,,,,29.8,0.1,2.4,1.1,3.0,36.5,1.6,1
HD 215152,K3,,,,,,,,,,,41.8,5.6,4
V410 Tau,K3,1.9,0.1,253.2,2.7,<0.1,,,,,,1.9,0.2,12
HD 131977,K4,5.1,0.2,34.5,1.8,<0.1,,,,,,,,
HD 125595,K4,5.9,0.6,4.1,0.9,<0.1,29.4,0.1,2.9,0.9,10.3,37.2,2.0,1
HD 118100,K5,9.3,0.4,17.3,1.1,<0.1,3.9,0.1,30.4,0.9,<0.1,,,
GJ9482,K7,10.1,1.4,6.9,0.9,<0.1,,,,,,,,
HD 113538,K9,6.6,0.6,4.9,0.9,<0.1,43.9,0.2,4.6,0.8,2.5,,,
GJ846,M0,8.5,1.1,7.3,1.2,<0.1,31.0,0.1,,,,,,1
GJ676A,M0,7.5,0.6,8.2,1.0,<0.1,41.2,3.8,,,,,,1
GJ229,M1,8.4,0.3,12.8,0.9,<0.1,27.3,0.1,2.9,0.9,11.4,,,
HD 197481,M1,7.6,0.4,14.4,1.7,<0.1,4.9,0.1,18.6,1.1,<0.1,,,
GJ514,M1,9.9,3.8,5.8,1.4,<0.1,28.0,2.9,,,,,,1
GJ239,M1,4.9,0.4,5.2,1.0,<0.1,,,,,,,,
GJ205,M1.5,10.8,1.1,9.3,0.8,<0.1,33.4,0.1,4.8,0.8,<0.1,35.0,0.1,1
GJ205,M1.5,3.9,0.3,6.9,1.4,<0.1,,,,,,,,
GJ832,M1.5,13.2,4.2,6.8,1.5,<0.1,45.7,9.3,,,,,,1
GJ536,M1.5,43.3,0.1,4.8,1.1,<0.1,43.8,0.1,,,,,,1
GJ382,M2,13.6,1.7,15.1,1.0,<0.1,21.2,0.1,5.7,0.9,<0.1,21.7,0.1,1
GJ382,M2,,,,,,,,,,,21.6,2.2,2
GJ588,M2.5,5.2,0.7,3.1,1.2,0.5,43.1,0.2,2.7,1.1,2.3,61.3,6.5,1
GJ176,M2.5,5.9,0.7,6.5,1.6,1.5,40.8,0.1,7.0,1.3,<0.1,39.3,0.1,1
GJ176,M2.5,,,,,,,,,,,38.9,3.9,2
GJ752A,M3,9.3,1.9,7.7,3.2,<0.1,46.0,0.2,4.5,1.1,<0.1,46.5,0.3,1
GJ674,M3,10.1,0.8,17.7,1.2,<0.1,35.0,0.1,5.5,1.1,<0.1,32.9,0.1,1
GJ674,M3,,,,,,,,,,,33.3,3.3,2
GJ680,M3,5.0,0.2,8.4,0.9,<0.1,,,,,,,,
GJ408,M3,5.3,0.6,6.4,1.5,,,,,,,,,
GJ877,M3,52.8,0.1,7.8,0.7,<0.1,116.1,0.7,,,,,,1
GJ479,M3,2.0,0.1,5.7,1.1,<0.1,22.5,0.1,4.9,1.1,1.2,,,
GJ358,M3,4.9,0.1,20.5,0.9,<0.1,25.2,0.1,12.1,0.7,<0.1,16.8,1.6,1
GJ358,M3,,,,,,,,,,,25.0,2.5,2
GJ273,M3.5,6.6,1.3,7.7,1.5,<0.1,115.9,19.4,,,,,,1
GJ849,M3.5,10.2,0.9,12.4,1.0,<0.1,39.2,6.3,,,,,,1
GJ729,M3.5,7.1,0.1,5.3,0.7,<0.1,2.9,0.1,8.8,0.9,<0.1,2.87,,2
GJ729,M3.5,2.1,0.1,7.9,0.5,<0.1,,,,,,,,
GJ896A,M3.5,15.3,0.1,25.2,1.3,<0.1,,,,,,,,
GJ317,M3.5,5.2,0.3,12.4,1.1,<0.1,,,,,,,,
GJ526,M4,9.9,2.8,6.9,1.0,<0.1,52.3,1.7,,,,,,1
GJ234,M4+M5.5,5.9,0.5,10.1,1.4,<0.1,8.1,0.1,7.7,1.3,0.3,,,
GJ54.1,M4,69.2,0.1,15.6,1.1,<0.1,,,,,,,,
GJ628,M4,4.4,0.2,8.3,1.1,<0.1,119.3,0.5,5.9,1.0,<0.1,,,
LP 816-60,M4,10.6,1.7,8.2,1.2,3.0,67.6,0.1,10.7,1.1,<0.1,,,
GJ285,M4.5,10.6,0.4,37.2,1.1,<0.1,2.8,0.1,23.2,1.0,<0.1,2.8,0.3,11
GJ447,M4.5,4.1,0.3,7.1,1.1,1.7,165.1,0.8,7.8,1.1,0.2,,,
GJ581,M5,6.2,0.9,3.8,0.9,<0.1,132.5,6.3,,,,,,1
GJ581,M5,,,,,,,,,,,130.0,2.0,3
GJ551,M5.5,6.8,0.3,15.5,0.9,<0.1,83.2,0.1,16.5,0.9,<0.1,116.6,0.7,1
GJ551,M5.5,,,,,,,,,,,82.5,8.3,2
GJ406,M6,8.9,0.2,64.8,1.2,<0.1,,,,,,,,
