file,type,mu,mu_std,C,C_std,A,A_std
HD160346_Mt_wilson_data.txt,maximum,1789.2260502237602,20.628720167929476,0.36818137745168905,0.00361871231886074,1.6292184800011534e-07,2.9402497036527284e-08
HD160346_Mt_wilson_data.txt,maximum,4451.047363204257,38.79452061239797,0.3331002090816719,0.0020396952237844105,1.1184526621484989e-07,1.0399727946926851e-08
HD160346_Mt_wilson_data.txt,maximum,6582.59240880006,85.87647045129489,0.3167832736757603,0.001490633703853274,5.549560954337184e-08,1.152696449524104e-08
HD160346_Mt_wilson_data.txt,maximum,9422.931658284262,237.16957819742453,0.34676179944197616,0.004537171127760494,5.2986242503855577e-08,3.1609483084619406e-08
HD160346_Mt_wilson_data.txt,minimum,3234.814760586062,11.652770233353042,0.2535446324916778,0.0026318426339135216,1.9515042595907378e-07,2.2010544475542817e-08
HD160346_Mt_wilson_data.txt,minimum,5742.63808596578,10.179643673105593,0.25463083682684845,0.0009284649403868535,9.592354302568495e-08,7.0742153657011124e-09
HD160346_Mt_wilson_data.txt,minimum,8298.586950965208,16.758934395579068,0.23888397099250044,0.0010033088173526518,7.307382072332513e-08,6.08168614342325e-09
HD201091_Mt_wilson_data.txt,maximum,1815.1764448401025,185.87088051076114,0.828751755287282,0.011661894483380258,1.7768492189655676e-07,7.473405959752973e-08
HD201091_Mt_wilson_data.txt,maximum,4755.049186753061,17.331230412520622,0.7032395949826522,0.0016879167601821995,4.274773375774734e-07,3.470648910570425e-08
HD201091_Mt_wilson_data.txt,maximum,7732.57714024479,46.0184914809117,0.6949503779660434,0.0032688459076039133,9.07047574001025e-08,2.442705880460815e-08
HD201091_Mt_wilson_data.txt,minimum,991.2766778051974,20.310546395255137,0.5999146487248416,0.006774470094720781,3.801328330499641e-07,4.732624862314728e-08
HD201091_Mt_wilson_data.txt,minimum,3564.2816653995515,32.0635839587725,0.5649393538033054,0.00588875831324274,2.661236651483079e-07,4.472267974460015e-08
HD201091_Mt_wilson_data.txt,minimum,6502.07172895224,18.28523561089421,0.5290413319733654,0.0020542138488739946,2.889808243748723e-07,1.9981085173088634e-08
HD201091_Mt_wilson_data.txt,minimum,8857.653770603783,8.893748872083323,0.5779351743243112,0.003303747708393095,2.470884502201083e-07,2.5078179578353685e-08
HD81809_Mt_wilson_data.txt,maximum,3652.548966682744,152.90409527975865,0.182656439110432,0.001658135232887957,4.601955312764103e-08,3.5801804253634496e-08
HD81809_Mt_wilson_data.txt,maximum,6409.608238039558,25.61996988390624,0.1849577144526189,0.0006393043867981975,2.8857170452209102e-08,4.676750033036343e-09
HD81809_Mt_wilson_data.txt,maximum,9377.438738408746,44.36794422001015,0.1811544485725998,0.0004358832368674007,1.8289903553568287e-08,4.825908871008693e-09
HD81809_Mt_wilson_data.txt,minimum,2180.1600152652827,18.407471113804068,0.15208356028938128,0.001042039404620884,5.278437652359956e-08,9.184244176267253e-09
HD81809_Mt_wilson_data.txt,minimum,5154.866358100415,23.55254390967104,0.15961257965571987,0.0008912191852644985,5.439788217470681e-08,6.508059051538703e-09
HD81809_Mt_wilson_data.txt,minimum,8439.954574820156,288.08654427276394,0.16131029638197414,0.0007514416786757318,7.191246721529163e-09,4.59625502223311e-09
hd10072_caii.txt,maximum,2822.3166039768657,46.53452629294698,0.4543992552414944,0.0046131108503816775,1.5203121411655094e-07,5.9541110090943193e-08
hd10780_caii.txt,maximum,2553.4243028629785,13.55192963238069,0.33466027203075,0.001657382182923525,2.8765435918135097e-07,1.5325320839809655e-08
hd10780_caii.txt,maximum,3502.8539971919736,10.482828578620456,0.3380287318030822,0.0018818735714397601,3.2480387163786405e-07,2.323473056230403e-08
hd10780_caii.txt,minimum,1697.4993468846665,37.34315304268735,0.23376298631260625,0.002014856012102478,8.494591773136284e-08,1.6816414332574404e-08
hd10780_caii.txt,minimum,3017.3516380163273,3.413393553452716,0.27610678315728815,0.001858273539178862,4.1689108127224626e-07,1.4770583857865076e-08
hd16160_caii.txt,maximum,5498.149536644714,7.091419085355838,0.2616487595283565,0.0010890271025698708,1.5828048501470965e-07,8.881628328123347e-09
hd16160_caii.txt,maximum,9806.510595807778,54.00322344643293,0.2533006229902324,0.002013290145111339,1.2343334376616133e-07,6.41884314013292e-08
hd16160_caii.txt,minimum,3715.5247999999197,659.5430871498834,0.19572576466307068,0.003365404454353619,1.2148286819578197e-08,1.6424096354868837e-08
hd16160_caii.txt,minimum,7832.647561908107,68.31456511183775,0.19801495228228802,0.0007720168071214095,2.1730121297962023e-08,7.185613414536801e-09
hd17925_caii.txt,minimum,4175.744249848356,161.33821218460676,0.6145301414429524,0.0052750693540996475,3.271355371137752e-08,2.8339057550317278e-08
hd20630_caii.txt,maximum,4332.920748098364,37.274609638623886,0.3654554824447553,0.0018874559618292479,8.59913192843926e-08,1.4829010358219393e-08
hd20630_caii.txt,maximum,6144.222436403503,25.780037508839307,0.3567381494313727,0.0008308497120421673,7.233242914998204e-08,9.408915667757618e-09
hd20630_caii.txt,maximum,8052.128310710487,225.8410437299431,0.36894907151541556,0.0016023687643129966,2.1657494326547108e-08,1.1589073088061347e-08
hd20630_caii.txt,minimum,3523.3897758346275,94.00747912174285,0.3313832206044742,0.005959187220338126,6.63303888183474e-08,3.7331176684511804e-08
hd20630_caii.txt,minimum,5263.86836569926,22.273718398181774,0.3335976658863537,0.000948251210863638,6.329737138388691e-08,7.433697248599328e-09
hd20630_caii.txt,minimum,7242.644194711476,19.22114998720998,0.3318223429598866,0.0009068148433632684,5.713144650544876e-08,7.496722352784804e-09
hd20630_caii.txt,minimum,9581.894059307604,18.995596918678075,0.32469952885324216,0.0013936395813790585,7.025456308019513e-08,1.140315800968607e-08
hd22049_caii.txt,maximum,8983.308970579898,14.295758524719277,0.5230025689446917,0.00254040533989764,1.78112955383328e-07,1.3728505975789323e-08
hd22049_caii.txt,minimum,7713.07680000024,526.1355745183423,0.4422125693599739,0.0021037658817214316,1.1047875761593517e-08,1.3957463128876001e-08
hd26913_caii.txt,minimum,7837.388866516522,26.557791973994725,0.3469730516370038,0.0012965236035365737,7.234959315875006e-08,1.2209295662988649e-08
hd26923_caii.txt,minimum,7944.378273676096,26.65296352328672,0.2712874027102865,0.0005601222825855289,3.08867903666556e-08,5.151081394056901e-09
hd26965_caii.txt,maximum,3706.5727648942952,35.870421546653795,0.22771025488087704,0.004871026853681731,1.1591218305635496e-07,4.171448720116787e-08
hd26965_caii.txt,maximum,7876.793613937368,131.38776431306556,0.2230260287313792,0.0007473607486422081,7.27672717243853e-09,5.375001053892903e-09
hd26965_caii.txt,minimum,1815.6295249769446,259.549065563568,0.18932284073869604,0.0012197227340028948,6.8376942293233954e-09,7.713611766371522e-09
hd26965_caii.txt,minimum,5984.291609805325,13.137680320695162,0.1733805395189639,0.0004746373755983458,6.054387425277654e-08,4.617276427303061e-09
hd26965_caii.txt,minimum,9716.38277484904,25.344647273442636,0.1728380584688934,0.0007810780443736077,3.5100214441168824e-08,2.1029216348967627e-08
hd27022_caii.txt,maximum,3563.321874223642,132.1072681330601,0.4636893625250447,0.001874554302049054,3.120948929673545e-08,9.653772856766807e-09
hd27022_caii.txt,maximum,5672.700000000185,1176.3278101993033,0.4913652330203096,0.02537487638786623,3.878882591355522e-08,7.351084967759094e-08
hd27022_caii.txt,minimum,2094.899208586681,7.968963667223628,0.3872431855778199,0.0009263771601147479,1.6739451538694732e-07,8.574259677811204e-09
hd27022_caii.txt,minimum,4495.682485820236,125.72177005253852,0.4273162338394563,0.00483206986089949,3.03949869766105e-07,1.8892151087285565e-07
hd27348_caii.txt,maximum,2518.977337391461,355.0893034161399,0.37845784612386196,0.004881528015932217,4.06498541942312e-08,3.8488681479900495e-08
hd27348_caii.txt,minimum,875.1512000000639,1920.8060878332285,0.33614788717560784,0.0013763109291566342,2.541299425339197e-09,1.4226774011036037e-08
hd28307_caii.txt,maximum,3825.7000000001867,359.27047525510784,0.44883506881471313,0.005280327197422999,7.56114188542424e-08,2.0773660826800243e-07
hd28307_caii.txt,minimum,983.818914402527,60.9291691292527,0.34919863829716397,0.0007060527255459434,2.8781975940107473e-08,7.345385566966213e-09
hd30495_caii.txt,maximum,8742.869318096133,49.25067691454556,0.31519667510576393,0.0026748615356217546,6.011236391882423e-08,2.462604888328864e-08
hd30495_caii.txt,minimum,7022.592734445673,10.658159356509659,0.27515040289680975,0.0009191024952627787,9.03474177801813e-08,7.844989836554466e-09
hd3651_caii.txt,maximum,4612.56319989622,1347.6362426199914,0.20140375737829566,0.006980829139959291,1.1482469575944406e-08,2.9185509954277803e-08
hd3651_caii.txt,maximum,10027.800000038564,99.8027562067329,0.17670406547647122,0.0006651470085672784,2.271833801477402e-08,2.051602102991805e-08
hd3651_caii.txt,minimum,2447.2952000000437,330.16726086058435,0.17105556108675898,0.0007529491076545386,5.9680066307889384e-09,5.578836709922286e-09
hd3651_caii.txt,minimum,7388.235200043209,2051.573957307944,0.15921883275633017,0.0005014411471066379,7.983120213518497e-10,4.3204721031968114e-09
hd4628_caii.txt,maximum,3251.6944000005838,607.9020645561826,0.2491988115083547,0.003032962790263864,1.521710626816633e-08,2.0484017702378267e-08
hd4628_caii.txt,maximum,6500.942577490051,43.419272124935965,0.2674540585140331,0.0010429574756351217,5.100088368219519e-08,9.316911336835305e-09
hd4628_caii.txt,maximum,9850.250743669685,14.574784434665851,0.2547716897906694,0.0008204423186431419,5.051953509734227e-08,5.09486124099067e-09
hd4628_caii.txt,minimum,2221.3299243540264,44.28967089116151,0.20859472733662476,0.0013665690958081023,3.0697028235921125e-08,1.212531184052862e-08
hd4628_caii.txt,minimum,5104.116800000138,53.01264740965869,0.1973600136322489,0.0004756539838334347,6.481505870616999e-08,1.2049080569800066e-08
hd4628_caii.txt,minimum,8216.720861775791,13.255505220155156,0.19522171049875225,0.0006402860435962613,7.200825446557818e-08,5.964189328516997e-09
hd4628_Mt_wilson_data.txt,maximum,3230.910523080005,661.3844516021481,0.249294909619509,0.0033526050259720416,1.4603331903657647e-08,2.0470601067566217e-08
hd4628_Mt_wilson_data.txt,maximum,6408.37405128488,17.246146246093037,0.2685198186689148,0.0011238832370005548,7.387083179568278e-08,7.769510523769838e-09
hd4628_Mt_wilson_data.txt,maximum,9932.577548824074,36.878327851374735,0.25435881299713664,0.0008203382519317255,3.4889821773121265e-08,6.001580211453408e-09
hd4628_Mt_wilson_data.txt,minimum,2221.32992512502,44.28967055992174,0.2085947273345137,0.0013665690953889066,3.0697028280760653e-08,1.2125311834399013e-08
hd4628_Mt_wilson_data.txt,minimum,5208.047120678193,93.37923627032896,0.19718463913495923,0.0007070269597506244,4.886409524822968e-08,1.1938365612651529e-08
hd4628_Mt_wilson_data.txt,minimum,8259.37249346185,10.18636360666108,0.19601718904117343,0.000493274548157743,5.150201508266294e-08,3.215904732155995e-09
hd6920_caii.txt,minimum,7574.018531585428,26.355261230445425,0.18632849031505136,0.0003621702670477216,1.9516836400118706e-08,2.7332395859438835e-09
sol_sind_all.txt,maximum,5192.807194312243,186.15328032380705,0.17837126464398564,0.0004976406830555505,5.944612949794796e-09,4.599150653926281e-09
sol_sind_all.txt,maximum,9076.56489270966,0.0,0.1795116863732709,0.000258207165050192,1.3085160867780587e-21,7.284193723739883e-10
sol_sind_all.txt,maximum,12644.956709871296,33.6738522478849,0.1776080018365446,0.000260217423556273,8.869107215477672e-09,1.930323698848327e-09
sol_sind_all.txt,minimum,3329.101068000033,853.9126956936992,0.16265214143266152,0.0007334115200015198,3.5256638294617076e-09,1.4464438177310128e-08
sol_sind_all.txt,minimum,7033.461830801821,26.228654430232478,0.16425323430511898,0.00010727594976780114,5.178159018705738e-09,8.163389385881906e-10
sol_sind_all.txt,minimum,10963.11333951977,24.966355119911523,0.16346738073547984,0.00016346469576998315,1.0466339091934627e-08,1.2912786666045977e-09
sol_sind_all.txt,minimum,15165.425179194055,41.58900123639497,0.1632790936745394,0.00015135345365299525,3.1579454687624986e-09,1.0920985920168319e-09
sol_sind_subset1_3.txt,maximum,5283.332588959162,67.98563426919968,0.17889372139931417,0.00041875645570559484,1.8358700309395992e-08,4.060184406213009e-09
sol_sind_subset1_3.txt,maximum,9493.364999999105,1011.418007173979,0.18250656042018565,0.00434408134153725,7.034447681652136e-09,1.1125469075776447e-08
sol_sind_subset1_3.txt,minimum,3578.1844800000663,583.4901910781665,0.16208194557378217,0.0007400095202636171,3.5677416933736803e-09,6.3854074327284694e-09
sol_sind_subset1_3.txt,minimum,7031.744585939081,36.74913153256719,0.164200465849756,9.751607119101969e-05,6.057770947813079e-09,8.047714846132537e-10
